Date,Origin Movement ID,Origin Display Name,Destination Movement ID,Destination Display Name,Daily Mean Travel Time (Seconds),Daily Range - Lower Bound Travel Time (Seconds),Daily Range - Upper Bound Travel Time (Seconds),AM Mean Travel Time (Seconds),AM Range - Lower Bound Travel Time (Seconds),AM Range - Upper Bound Travel Time (Seconds),PM Mean Travel Time (Seconds),PM Range - Lower Bound Travel Time (Seconds),PM Range - Upper Bound Travel Time (Seconds),Midday Mean Travel Time (Seconds),Midday Range - Lower Bound Travel Time (Seconds),Midday Range - Upper Bound Travel Time (Seconds),Evening Mean Travel Time (Seconds),Evening Range - Lower Bound Travel Time (Seconds),Evening Range - Upper Bound Travel Time (Seconds),Early Morning Mean Travel Time (Seconds),Early Morning Range - Lower Bound Travel Time (Seconds),Early Morning Range - Upper Bound Travel Time (Seconds)
9/11/2018,302,"Northeastern University, 360 Huntington Ave, Boston, MA",245,"Mission Hill Main Streets, 1534 Tremont St, Roxbury Crossing, MA",328,200,536,351,231,533,429,267,689,334,215,519,298,187,475,218,135,353
9/12/2018,302,"Northeastern University, 360 Huntington Ave, Boston, MA",245,"Mission Hill Main Streets, 1534 Tremont St, Roxbury Crossing, MA",353,196,637,359,222,582,448,277,725,420,218,807,298,177,502,226,128,399
9/13/2018,302,"Northeastern University, 360 Huntington Ave, Boston, MA",245,"Mission Hill Main Streets, 1534 Tremont St, Roxbury Crossing, MA",314,185,531,313,210,465,446,256,778,301,191,473,293,178,483,197,129,299
9/14/2018,302,"Northeastern University, 360 Huntington Ave, Boston, MA",245,"Mission Hill Main Streets, 1534 Tremont St, Roxbury Crossing, MA",322,188,550,310,202,474,450,271,747,345,205,582,300,179,503,216,142,329
9/15/2018,302,"Northeastern University, 360 Huntington Ave, Boston, MA",245,"Mission Hill Main Streets, 1534 Tremont St, Roxbury Crossing, MA",289,171,486,239,136,421,323,196,533,362,220,596,279,173,451,230,139,381
9/16/2018,302,"Northeastern University, 360 Huntington Ave, Boston, MA",245,"Mission Hill Main Streets, 1534 Tremont St, Roxbury Crossing, MA",266,158,445,241,131,443,300,181,495,272,162,454,259,167,403,251,145,437
9/17/2018,302,"Northeastern University, 360 Huntington Ave, Boston, MA",245,"Mission Hill Main Streets, 1534 Tremont St, Roxbury Crossing, MA",301,183,496,303,203,452,396,258,606,314,193,510,278,172,449,180,121,267
9/18/2018,302,"Northeastern University, 360 Huntington Ave, Boston, MA",245,"Mission Hill Main Streets, 1534 Tremont St, Roxbury Crossing, MA",326,190,560,307,200,469,401,261,616,391,220,695,260,161,419,263,156,443
9/19/2018,302,"Northeastern University, 360 Huntington Ave, Boston, MA",245,"Mission Hill Main Streets, 1534 Tremont St, Roxbury Crossing, MA",292,170,500,314,192,514,391,193,792,293,186,461,264,162,433,221,143,341
9/20/2018,302,"Northeastern University, 360 Huntington Ave, Boston, MA",245,"Mission Hill Main Streets, 1534 Tremont St, Roxbury Crossing, MA",304,184,504,281,197,399,450,282,718,317,186,540,275,177,427,216,132,351
9/21/2018,302,"Northeastern University, 360 Huntington Ave, Boston, MA",245,"Mission Hill Main Streets, 1534 Tremont St, Roxbury Crossing, MA",316,193,516,313,208,470,419,247,710,350,224,547,286,181,450,228,140,370
9/22/2018,302,"Northeastern University, 360 Huntington Ave, Boston, MA",245,"Mission Hill Main Streets, 1534 Tremont St, Roxbury Crossing, MA",275,165,457,224,131,384,289,184,451,382,226,644,258,164,405,221,135,359
9/23/2018,302,"Northeastern University, 360 Huntington Ave, Boston, MA",245,"Mission Hill Main Streets, 1534 Tremont St, Roxbury Crossing, MA",250,153,408,231,144,370,273,182,408,278,157,493,255,161,403,209,134,325
9/24/2018,302,"Northeastern University, 360 Huntington Ave, Boston, MA",245,"Mission Hill Main Streets, 1534 Tremont St, Roxbury Crossing, MA",303,182,505,323,217,479,406,249,660,302,188,483,284,175,460,205,128,329
9/25/2018,302,"Northeastern University, 360 Huntington Ave, Boston, MA",245,"Mission Hill Main Streets, 1534 Tremont St, Roxbury Crossing, MA",391,219,698,296,174,506,583,364,932,394,220,705,345,211,564,206,134,318
9/26/2018,302,"Northeastern University, 360 Huntington Ave, Boston, MA",245,"Mission Hill Main Streets, 1534 Tremont St, Roxbury Crossing, MA",328,187,578,270,194,376,463,259,825,346,211,568,306,179,523,220,122,398
9/27/2018,302,"Northeastern University, 360 Huntington Ave, Boston, MA",245,"Mission Hill Main Streets, 1534 Tremont St, Roxbury Crossing, MA",303,182,504,290,183,459,415,264,652,309,185,515,281,170,466,240,159,361
9/28/2018,302,"Northeastern University, 360 Huntington Ave, Boston, MA",245,"Mission Hill Main Streets, 1534 Tremont St, Roxbury Crossing, MA",320,192,532,338,221,516,422,268,664,344,200,592,297,185,477,244,150,395
9/29/2018,302,"Northeastern University, 360 Huntington Ave, Boston, MA",245,"Mission Hill Main Streets, 1534 Tremont St, Roxbury Crossing, MA",270,165,442,236,150,370,328,200,538,312,180,540,259,170,394,228,139,373
9/30/2018,302,"Northeastern University, 360 Huntington Ave, Boston, MA",245,"Mission Hill Main Streets, 1534 Tremont St, Roxbury Crossing, MA",252,149,427,190,109,329,288,152,546,269,164,439,256,155,424,228,140,369
10/1/2018,302,"Northeastern University, 360 Huntington Ave, Boston, MA",245,"Mission Hill Main Streets, 1534 Tremont St, Roxbury Crossing, MA",306,180,518,278,179,433,459,281,750,275,177,427,281,173,457,202,121,337
10/2/2018,302,"Northeastern University, 360 Huntington Ave, Boston, MA",245,"Mission Hill Main Streets, 1534 Tremont St, Roxbury Crossing, MA",307,180,522,289,192,434,441,274,710,339,203,564,282,166,481,221,142,345
10/3/2018,302,"Northeastern University, 360 Huntington Ave, Boston, MA",245,"Mission Hill Main Streets, 1534 Tremont St, Roxbury Crossing, MA",328,195,551,376,225,628,420,229,770,336,202,557,295,189,458,226,149,342
10/4/2018,302,"Northeastern University, 360 Huntington Ave, Boston, MA",245,"Mission Hill Main Streets, 1534 Tremont St, Roxbury Crossing, MA",331,194,564,369,246,552,422,246,723,395,233,670,280,180,433,209,124,352
10/5/2018,302,"Northeastern University, 360 Huntington Ave, Boston, MA",245,"Mission Hill Main Streets, 1534 Tremont St, Roxbury Crossing, MA",340,195,593,359,223,576,464,268,802,393,231,671,312,187,522,218,136,348
10/6/2018,302,"Northeastern University, 360 Huntington Ave, Boston, MA",245,"Mission Hill Main Streets, 1534 Tremont St, Roxbury Crossing, MA",264,164,424,229,142,370,270,172,422,285,172,471,274,170,441,239,154,371
10/7/2018,302,"Northeastern University, 360 Huntington Ave, Boston, MA",245,"Mission Hill Main Streets, 1534 Tremont St, Roxbury Crossing, MA",251,152,413,199,108,365,294,176,492,261,171,397,246,155,388,237,140,399
10/8/2018,302,"Northeastern University, 360 Huntington Ave, Boston, MA",245,"Mission Hill Main Streets, 1534 Tremont St, Roxbury Crossing, MA",262,163,421,215,145,317,301,193,468,284,184,438,256,154,426,229,147,356
10/9/2018,302,"Northeastern University, 360 Huntington Ave, Boston, MA",245,"Mission Hill Main Streets, 1534 Tremont St, Roxbury Crossing, MA",319,193,528,341,228,508,387,214,701,351,221,557,293,183,468,223,145,342
10/10/2018,302,"Northeastern University, 360 Huntington Ave, Boston, MA",245,"Mission Hill Main Streets, 1534 Tremont St, Roxbury Crossing, MA",310,184,520,334,204,546,418,261,670,329,200,542,268,168,429,225,132,384
10/11/2018,302,"Northeastern University, 360 Huntington Ave, Boston, MA",245,"Mission Hill Main Streets, 1534 Tremont St, Roxbury Crossing, MA",357,203,630,272,174,425,571,327,998,410,233,722,284,182,444,206,142,299
10/12/2018,302,"Northeastern University, 360 Huntington Ave, Boston, MA",245,"Mission Hill Main Streets, 1534 Tremont St, Roxbury Crossing, MA",313,183,534,302,184,497,403,225,722,363,210,628,293,180,475,233,144,377
10/13/2018,302,"Northeastern University, 360 Huntington Ave, Boston, MA",245,"Mission Hill Main Streets, 1534 Tremont St, Roxbury Crossing, MA",275,160,472,264,145,483,274,172,436,316,168,594,292,183,467,222,130,382
10/14/2018,302,"Northeastern University, 360 Huntington Ave, Boston, MA",245,"Mission Hill Main Streets, 1534 Tremont St, Roxbury Crossing, MA",260,155,437,210,124,356,285,176,459,259,158,424,265,164,429,254,145,445
10/15/2018,302,"Northeastern University, 360 Huntington Ave, Boston, MA",245,"Mission Hill Main Streets, 1534 Tremont St, Roxbury Crossing, MA",296,180,487,281,177,448,407,258,643,287,175,471,273,176,423,243,143,412
10/16/2018,302,"Northeastern University, 360 Huntington Ave, Boston, MA",245,"Mission Hill Main Streets, 1534 Tremont St, Roxbury Crossing, MA",307,186,507,282,180,444,445,254,778,298,184,481,280,182,432,247,155,392
10/17/2018,302,"Northeastern University, 360 Huntington Ave, Boston, MA",245,"Mission Hill Main Streets, 1534 Tremont St, Roxbury Crossing, MA",296,183,477,249,182,342,393,228,677,305,194,478,280,176,447,232,157,343
10/18/2018,302,"Northeastern University, 360 Huntington Ave, Boston, MA",245,"Mission Hill Main Streets, 1534 Tremont St, Roxbury Crossing, MA",311,192,503,281,190,415,460,290,730,297,196,452,286,184,446,243,150,392
10/19/2018,302,"Northeastern University, 360 Huntington Ave, Boston, MA",245,"Mission Hill Main Streets, 1534 Tremont St, Roxbury Crossing, MA",317,182,554,270,182,402,429,236,781,335,190,590,309,179,534,227,145,354
10/20/2018,302,"Northeastern University, 360 Huntington Ave, Boston, MA",245,"Mission Hill Main Streets, 1534 Tremont St, Roxbury Crossing, MA",266,167,424,260,162,416,277,183,420,299,185,483,266,172,409,235,144,383
10/21/2018,302,"Northeastern University, 360 Huntington Ave, Boston, MA",245,"Mission Hill Main Streets, 1534 Tremont St, Roxbury Crossing, MA",252,153,414,208,113,382,280,175,447,265,162,433,255,161,402,229,139,377
10/22/2018,302,"Northeastern University, 360 Huntington Ave, Boston, MA",245,"Mission Hill Main Streets, 1534 Tremont St, Roxbury Crossing, MA",307,182,517,296,197,443,436,259,734,313,198,495,274,170,443,198,128,309
10/23/2018,302,"Northeastern University, 360 Huntington Ave, Boston, MA",245,"Mission Hill Main Streets, 1534 Tremont St, Roxbury Crossing, MA",341,191,609,304,210,439,552,318,958,336,202,559,295,170,509,215,129,358
10/24/2018,302,"Northeastern University, 360 Huntington Ave, Boston, MA",245,"Mission Hill Main Streets, 1534 Tremont St, Roxbury Crossing, MA",309,185,517,272,192,388,427,263,693,313,200,491,293,174,495,246,147,410
10/25/2018,302,"Northeastern University, 360 Huntington Ave, Boston, MA",245,"Mission Hill Main Streets, 1534 Tremont St, Roxbury Crossing, MA",307,184,513,337,218,520,418,225,775,321,213,485,285,179,453,228,142,367
10/26/2018,302,"Northeastern University, 360 Huntington Ave, Boston, MA",245,"Mission Hill Main Streets, 1534 Tremont St, Roxbury Crossing, MA",244,132,452,292,194,437,,,,252,134,473,,,,229,120,437
10/29/2018,302,"Northeastern University, 360 Huntington Ave, Boston, MA",245,"Mission Hill Main Streets, 1534 Tremont St, Roxbury Crossing, MA",318,193,524,,,,402,257,628,326,211,501,271,166,442,,,
10/30/2018,302,"Northeastern University, 360 Huntington Ave, Boston, MA",245,"Mission Hill Main Streets, 1534 Tremont St, Roxbury Crossing, MA",327,202,529,304,205,450,400,257,623,339,230,499,325,195,542,226,146,349
10/31/2018,302,"Northeastern University, 360 Huntington Ave, Boston, MA",245,"Mission Hill Main Streets, 1534 Tremont St, Roxbury Crossing, MA",339,193,596,483,314,743,401,221,727,380,218,664,275,172,441,230,135,392
11/1/2018,302,"Northeastern University, 360 Huntington Ave, Boston, MA",245,"Mission Hill Main Streets, 1534 Tremont St, Roxbury Crossing, MA",305,187,499,308,205,462,441,266,732,293,191,448,290,183,460,243,146,403
11/2/2018,302,"Northeastern University, 360 Huntington Ave, Boston, MA",245,"Mission Hill Main Streets, 1534 Tremont St, Roxbury Crossing, MA",308,178,530,314,177,557,403,224,725,356,199,635,278,171,450,225,146,347
11/3/2018,302,"Northeastern University, 360 Huntington Ave, Boston, MA",245,"Mission Hill Main Streets, 1534 Tremont St, Roxbury Crossing, MA",264,164,425,229,139,377,273,157,476,295,188,462,277,178,430,224,144,349
11/4/2018,302,"Northeastern University, 360 Huntington Ave, Boston, MA",245,"Mission Hill Main Streets, 1534 Tremont St, Roxbury Crossing, MA",266,161,440,243,162,365,320,187,549,300,178,503,251,159,398,233,145,372
11/5/2018,302,"Northeastern University, 360 Huntington Ave, Boston, MA",245,"Mission Hill Main Streets, 1534 Tremont St, Roxbury Crossing, MA",343,204,579,326,222,480,475,291,775,320,207,496,322,190,545,235,148,373
11/6/2018,302,"Northeastern University, 360 Huntington Ave, Boston, MA",245,"Mission Hill Main Streets, 1534 Tremont St, Roxbury Crossing, MA",436,226,842,419,256,683,754,411,1381,492,264,915,312,197,493,213,132,343
11/7/2018,302,"Northeastern University, 360 Huntington Ave, Boston, MA",245,"Mission Hill Main Streets, 1534 Tremont St, Roxbury Crossing, MA",346,204,584,377,255,558,439,251,766,366,206,649,313,199,493,241,155,375
11/8/2018,302,"Northeastern University, 360 Huntington Ave, Boston, MA",245,"Mission Hill Main Streets, 1534 Tremont St, Roxbury Crossing, MA",321,195,528,352,228,542,393,240,644,338,225,509,299,176,507,236,158,353
11/9/2018,302,"Northeastern University, 360 Huntington Ave, Boston, MA",245,"Mission Hill Main Streets, 1534 Tremont St, Roxbury Crossing, MA",326,180,588,298,194,458,429,246,749,332,190,581,319,179,569,221,122,401
11/10/2018,302,"Northeastern University, 360 Huntington Ave, Boston, MA",245,"Mission Hill Main Streets, 1534 Tremont St, Roxbury Crossing, MA",285,178,455,287,181,456,317,213,473,327,223,479,272,170,437,251,152,414
11/11/2018,302,"Northeastern University, 360 Huntington Ave, Boston, MA",245,"Mission Hill Main Streets, 1534 Tremont St, Roxbury Crossing, MA",258,161,413,234,147,374,282,183,432,266,165,428,267,172,412,237,145,388
11/12/2018,302,"Northeastern University, 360 Huntington Ave, Boston, MA",245,"Mission Hill Main Streets, 1534 Tremont St, Roxbury Crossing, MA",246,157,383,217,154,306,293,186,460,238,153,369,245,162,372,223,136,366
11/13/2018,302,"Northeastern University, 360 Huntington Ave, Boston, MA",245,"Mission Hill Main Streets, 1534 Tremont St, Roxbury Crossing, MA",339,189,607,314,192,516,605,265,1379,374,225,620,271,174,422,242,150,388
11/14/2018,302,"Northeastern University, 360 Huntington Ave, Boston, MA",245,"Mission Hill Main Streets, 1534 Tremont St, Roxbury Crossing, MA",349,207,587,338,233,489,528,303,922,338,210,545,305,188,496,240,162,356
11/15/2018,302,"Northeastern University, 360 Huntington Ave, Boston, MA",245,"Mission Hill Main Streets, 1534 Tremont St, Roxbury Crossing, MA",359,202,637,328,181,595,468,260,842,309,189,506,380,215,671,242,152,385
11/16/2018,302,"Northeastern University, 360 Huntington Ave, Boston, MA",245,"Mission Hill Main Streets, 1534 Tremont St, Roxbury Crossing, MA",314,188,523,346,220,545,378,223,639,317,191,524,286,180,455,309,169,566
11/17/2018,302,"Northeastern University, 360 Huntington Ave, Boston, MA",245,"Mission Hill Main Streets, 1534 Tremont St, Roxbury Crossing, MA",276,163,467,289,174,481,322,182,568,311,174,557,261,163,419,239,146,392
11/18/2018,302,"Northeastern University, 360 Huntington Ave, Boston, MA",245,"Mission Hill Main Streets, 1534 Tremont St, Roxbury Crossing, MA",247,149,411,203,129,320,300,189,475,252,147,431,255,163,400,219,132,364
11/19/2018,302,"Northeastern University, 360 Huntington Ave, Boston, MA",245,"Mission Hill Main Streets, 1534 Tremont St, Roxbury Crossing, MA",344,203,582,347,200,600,470,300,737,372,226,613,294,186,465,227,140,368
11/20/2018,302,"Northeastern University, 360 Huntington Ave, Boston, MA",245,"Mission Hill Main Streets, 1534 Tremont St, Roxbury Crossing, MA",354,196,638,334,232,481,564,294,1082,370,207,662,281,172,458,252,150,420
11/21/2018,302,"Northeastern University, 360 Huntington Ave, Boston, MA",245,"Mission Hill Main Streets, 1534 Tremont St, Roxbury Crossing, MA",255,146,444,267,183,391,261,168,405,293,140,613,234,149,369,213,130,349
11/22/2018,302,"Northeastern University, 360 Huntington Ave, Boston, MA",245,"Mission Hill Main Streets, 1534 Tremont St, Roxbury Crossing, MA",226,138,370,242,134,436,217,145,326,248,148,414,215,143,323,216,121,386
11/23/2018,302,"Northeastern University, 360 Huntington Ave, Boston, MA",245,"Mission Hill Main Streets, 1534 Tremont St, Roxbury Crossing, MA",220,137,351,183,113,294,242,160,366,227,146,353,220,139,346,195,113,338
11/24/2018,302,"Northeastern University, 360 Huntington Ave, Boston, MA",245,"Mission Hill Main Streets, 1534 Tremont St, Roxbury Crossing, MA",213,135,335,173,112,267,236,153,365,206,134,318,223,144,348,187,118,297
11/25/2018,302,"Northeastern University, 360 Huntington Ave, Boston, MA",245,"Mission Hill Main Streets, 1534 Tremont St, Roxbury Crossing, MA",237,150,376,210,118,374,269,180,403,236,153,363,252,160,395,199,128,309
11/26/2018,302,"Northeastern University, 360 Huntington Ave, Boston, MA",245,"Mission Hill Main Streets, 1534 Tremont St, Roxbury Crossing, MA",309,188,509,303,196,466,401,252,638,288,192,432,309,187,510,206,131,323
11/27/2018,302,"Northeastern University, 360 Huntington Ave, Boston, MA",245,"Mission Hill Main Streets, 1534 Tremont St, Roxbury Crossing, MA",304,183,506,304,193,478,410,216,778,298,202,438,277,178,430,242,141,415
11/28/2018,302,"Northeastern University, 360 Huntington Ave, Boston, MA",245,"Mission Hill Main Streets, 1534 Tremont St, Roxbury Crossing, MA",309,183,520,364,224,593,407,228,727,310,195,493,279,173,450,217,139,339
11/29/2018,302,"Northeastern University, 360 Huntington Ave, Boston, MA",245,"Mission Hill Main Streets, 1534 Tremont St, Roxbury Crossing, MA",300,185,486,281,172,459,411,254,666,315,199,500,278,180,428,211,142,315
11/30/2018,302,"Northeastern University, 360 Huntington Ave, Boston, MA",245,"Mission Hill Main Streets, 1534 Tremont St, Roxbury Crossing, MA",301,185,488,341,217,533,364,220,603,325,202,523,290,186,452,211,136,327
12/1/2018,302,"Northeastern University, 360 Huntington Ave, Boston, MA",245,"Mission Hill Main Streets, 1534 Tremont St, Roxbury Crossing, MA",264,159,439,225,145,347,309,174,548,290,179,468,263,159,434,222,143,346
12/2/2018,302,"Northeastern University, 360 Huntington Ave, Boston, MA",245,"Mission Hill Main Streets, 1534 Tremont St, Roxbury Crossing, MA",251,153,412,208,122,355,263,176,393,265,161,438,258,164,407,235,139,399
12/3/2018,302,"Northeastern University, 360 Huntington Ave, Boston, MA",245,"Mission Hill Main Streets, 1534 Tremont St, Roxbury Crossing, MA",295,180,485,332,222,498,357,230,552,291,186,455,275,163,464,231,139,383
12/4/2018,302,"Northeastern University, 360 Huntington Ave, Boston, MA",245,"Mission Hill Main Streets, 1534 Tremont St, Roxbury Crossing, MA",319,194,522,360,220,588,402,252,642,338,214,534,293,181,475,221,149,328
12/5/2018,302,"Northeastern University, 360 Huntington Ave, Boston, MA",245,"Mission Hill Main Streets, 1534 Tremont St, Roxbury Crossing, MA",333,203,544,345,219,541,463,304,706,344,207,573,300,193,468,246,157,388
12/6/2018,302,"Northeastern University, 360 Huntington Ave, Boston, MA",245,"Mission Hill Main Streets, 1534 Tremont St, Roxbury Crossing, MA",292,178,479,306,207,453,374,214,651,296,185,475,274,173,433,241,146,397
12/7/2018,302,"Northeastern University, 360 Huntington Ave, Boston, MA",245,"Mission Hill Main Streets, 1534 Tremont St, Roxbury Crossing, MA",290,175,480,277,196,391,355,201,625,303,187,490,275,170,446,245,145,416
12/8/2018,302,"Northeastern University, 360 Huntington Ave, Boston, MA",245,"Mission Hill Main Streets, 1534 Tremont St, Roxbury Crossing, MA",260,159,426,264,159,438,297,173,512,281,169,466,254,162,397,230,141,374
12/9/2018,302,"Northeastern University, 360 Huntington Ave, Boston, MA",245,"Mission Hill Main Streets, 1534 Tremont St, Roxbury Crossing, MA",249,150,413,221,114,425,275,164,461,250,152,412,261,164,416,231,142,376
12/10/2018,302,"Northeastern University, 360 Huntington Ave, Boston, MA",245,"Mission Hill Main Streets, 1534 Tremont St, Roxbury Crossing, MA",284,170,474,264,186,375,376,229,618,285,164,497,263,166,415,216,130,359
12/11/2018,302,"Northeastern University, 360 Huntington Ave, Boston, MA",245,"Mission Hill Main Streets, 1534 Tremont St, Roxbury Crossing, MA",293,177,485,299,190,471,381,217,667,296,188,468,273,169,440,236,143,389
12/12/2018,302,"Northeastern University, 360 Huntington Ave, Boston, MA",245,"Mission Hill Main Streets, 1534 Tremont St, Roxbury Crossing, MA",306,180,519,290,204,412,402,247,652,316,179,556,285,173,467,219,127,379
12/13/2018,302,"Northeastern University, 360 Huntington Ave, Boston, MA",245,"Mission Hill Main Streets, 1534 Tremont St, Roxbury Crossing, MA",281,171,462,253,177,362,393,218,708,297,184,479,259,164,411,229,144,365
12/14/2018,302,"Northeastern University, 360 Huntington Ave, Boston, MA",245,"Mission Hill Main Streets, 1534 Tremont St, Roxbury Crossing, MA",279,168,465,283,180,446,417,220,789,288,179,466,251,162,389,206,135,316
12/15/2018,302,"Northeastern University, 360 Huntington Ave, Boston, MA",245,"Mission Hill Main Streets, 1534 Tremont St, Roxbury Crossing, MA",223,136,365,235,107,516,244,144,413,245,158,381,211,132,338,207,131,328
12/16/2018,302,"Northeastern University, 360 Huntington Ave, Boston, MA",245,"Mission Hill Main Streets, 1534 Tremont St, Roxbury Crossing, MA",234,137,398,300,152,591,255,159,407,227,125,409,258,158,421,198,120,327
12/17/2018,302,"Northeastern University, 360 Huntington Ave, Boston, MA",245,"Mission Hill Main Streets, 1534 Tremont St, Roxbury Crossing, MA",242,143,410,240,175,329,290,166,507,245,130,459,225,143,355,193,120,308
12/18/2018,302,"Northeastern University, 360 Huntington Ave, Boston, MA",245,"Mission Hill Main Streets, 1534 Tremont St, Roxbury Crossing, MA",253,156,412,252,168,376,312,176,554,263,164,422,234,154,357,209,125,349
12/19/2018,302,"Northeastern University, 360 Huntington Ave, Boston, MA",245,"Mission Hill Main Streets, 1534 Tremont St, Roxbury Crossing, MA",253,151,425,227,149,344,313,177,553,270,172,424,239,147,388,194,101,371
12/20/2018,302,"Northeastern University, 360 Huntington Ave, Boston, MA",245,"Mission Hill Main Streets, 1534 Tremont St, Roxbury Crossing, MA",232,145,371,237,168,336,288,173,478,231,148,361,215,138,337,204,119,349
12/21/2018,302,"Northeastern University, 360 Huntington Ave, Boston, MA",245,"Mission Hill Main Streets, 1534 Tremont St, Roxbury Crossing, MA",280,156,502,239,161,354,433,244,765,306,170,550,247,143,424,192,118,312
12/22/2018,302,"Northeastern University, 360 Huntington Ave, Boston, MA",245,"Mission Hill Main Streets, 1534 Tremont St, Roxbury Crossing, MA",206,135,315,199,126,312,210,148,298,227,148,348,203,135,304,191,122,302
12/23/2018,302,"Northeastern University, 360 Huntington Ave, Boston, MA",245,"Mission Hill Main Streets, 1534 Tremont St, Roxbury Crossing, MA",201,129,313,194,116,322,214,138,331,214,138,333,189,130,275,195,121,316
12/24/2018,302,"Northeastern University, 360 Huntington Ave, Boston, MA",245,"Mission Hill Main Streets, 1534 Tremont St, Roxbury Crossing, MA",221,134,366,193,124,300,273,171,436,230,149,355,208,115,376,192,122,300
12/25/2018,302,"Northeastern University, 360 Huntington Ave, Boston, MA",245,"Mission Hill Main Streets, 1534 Tremont St, Roxbury Crossing, MA",227,148,347,258,182,366,206,131,326,208,136,316,248,158,388,224,150,332
12/26/2018,302,"Northeastern University, 360 Huntington Ave, Boston, MA",245,"Mission Hill Main Streets, 1534 Tremont St, Roxbury Crossing, MA",218,143,333,201,132,306,237,154,366,226,144,354,205,147,286,229,129,405
12/27/2018,302,"Northeastern University, 360 Huntington Ave, Boston, MA",245,"Mission Hill Main Streets, 1534 Tremont St, Roxbury Crossing, MA",222,144,342,232,154,349,236,157,353,215,140,330,207,142,302,231,132,405
12/28/2018,302,"Northeastern University, 360 Huntington Ave, Boston, MA",245,"Mission Hill Main Streets, 1534 Tremont St, Roxbury Crossing, MA",227,145,355,201,139,290,268,170,421,248,167,368,200,129,309,187,120,293
12/29/2018,302,"Northeastern University, 360 Huntington Ave, Boston, MA",245,"Mission Hill Main Streets, 1534 Tremont St, Roxbury Crossing, MA",207,136,313,158,114,219,233,161,338,213,144,314,216,142,327,165,110,248
12/30/2018,302,"Northeastern University, 360 Huntington Ave, Boston, MA",245,"Mission Hill Main Streets, 1534 Tremont St, Roxbury Crossing, MA",199,127,312,169,102,279,202,119,340,208,134,322,210,135,328,177,123,253
12/31/2018,302,"Northeastern University, 360 Huntington Ave, Boston, MA",245,"Mission Hill Main Streets, 1534 Tremont St, Roxbury Crossing, MA",221,141,346,183,126,265,256,160,410,229,145,362,211,136,327,203,135,305
1/1/2019,302,"Northeastern University, 360 Huntington Ave, Boston, MA",245,"Mission Hill Main Streets, 1534 Tremont St, Roxbury Crossing, MA",219,128,377,204,129,321,236,145,386,202,117,346,223,139,359,223,126,395
1/2/2019,302,"Northeastern University, 360 Huntington Ave, Boston, MA",245,"Mission Hill Main Streets, 1534 Tremont St, Roxbury Crossing, MA",234,150,365,224,148,338,284,180,447,244,158,378,211,139,318,182,126,263
1/3/2019,302,"Northeastern University, 360 Huntington Ave, Boston, MA",245,"Mission Hill Main Streets, 1534 Tremont St, Roxbury Crossing, MA",252,160,398,242,166,353,316,203,492,267,169,422,224,149,337,199,123,322
1/4/2019,302,"Northeastern University, 360 Huntington Ave, Boston, MA",245,"Mission Hill Main Streets, 1534 Tremont St, Roxbury Crossing, MA",250,159,392,243,176,335,334,226,494,272,166,445,219,144,332,194,130,289
1/5/2019,302,"Northeastern University, 360 Huntington Ave, Boston, MA",245,"Mission Hill Main Streets, 1534 Tremont St, Roxbury Crossing, MA",238,148,382,180,131,248,255,161,405,289,163,514,231,151,351,196,127,302
1/6/2019,302,"Northeastern University, 360 Huntington Ave, Boston, MA",245,"Mission Hill Main Streets, 1534 Tremont St, Roxbury Crossing, MA",240,148,389,184,110,305,263,178,387,308,179,531,225,151,337,203,125,328
1/7/2019,302,"Northeastern University, 360 Huntington Ave, Boston, MA",245,"Mission Hill Main Streets, 1534 Tremont St, Roxbury Crossing, MA",296,180,486,278,182,425,384,235,629,292,188,454,263,164,423,200,130,308
1/8/2019,302,"Northeastern University, 360 Huntington Ave, Boston, MA",245,"Mission Hill Main Streets, 1534 Tremont St, Roxbury Crossing, MA",285,177,459,300,208,434,340,202,572,289,181,461,270,174,419,196,122,314
1/9/2019,302,"Northeastern University, 360 Huntington Ave, Boston, MA",245,"Mission Hill Main Streets, 1534 Tremont St, Roxbury Crossing, MA",284,171,472,247,172,356,387,219,683,278,172,450,263,169,411,203,121,340
1/10/2019,302,"Northeastern University, 360 Huntington Ave, Boston, MA",245,"Mission Hill Main Streets, 1534 Tremont St, Roxbury Crossing, MA",286,178,458,333,217,511,355,222,568,290,184,458,262,167,410,208,137,317
1/11/2019,302,"Northeastern University, 360 Huntington Ave, Boston, MA",245,"Mission Hill Main Streets, 1534 Tremont St, Roxbury Crossing, MA",295,170,513,275,190,399,381,190,763,325,187,564,276,171,445,215,127,364
1/12/2019,302,"Northeastern University, 360 Huntington Ave, Boston, MA",245,"Mission Hill Main Streets, 1534 Tremont St, Roxbury Crossing, MA",250,158,395,200,143,280,252,169,377,280,176,446,261,165,413,212,133,340
1/13/2019,302,"Northeastern University, 360 Huntington Ave, Boston, MA",245,"Mission Hill Main Streets, 1534 Tremont St, Roxbury Crossing, MA",240,147,393,233,140,388,281,170,465,238,149,381,230,146,361,227,135,381
1/14/2019,302,"Northeastern University, 360 Huntington Ave, Boston, MA",245,"Mission Hill Main Streets, 1534 Tremont St, Roxbury Crossing, MA",273,165,454,302,210,435,341,199,584,272,155,477,249,158,393,198,135,291
1/15/2019,302,"Northeastern University, 360 Huntington Ave, Boston, MA",245,"Mission Hill Main Streets, 1534 Tremont St, Roxbury Crossing, MA",302,186,490,284,195,414,408,261,637,298,190,467,282,184,433,224,127,396
1/16/2019,302,"Northeastern University, 360 Huntington Ave, Boston, MA",245,"Mission Hill Main Streets, 1534 Tremont St, Roxbury Crossing, MA",298,182,486,341,218,534,370,221,618,300,185,485,260,168,403,223,143,346
1/17/2019,302,"Northeastern University, 360 Huntington Ave, Boston, MA",245,"Mission Hill Main Streets, 1534 Tremont St, Roxbury Crossing, MA",295,181,479,286,192,426,375,222,633,302,190,479,270,170,428,218,139,341
1/18/2019,302,"Northeastern University, 360 Huntington Ave, Boston, MA",245,"Mission Hill Main Streets, 1534 Tremont St, Roxbury Crossing, MA",277,170,449,260,184,366,384,230,641,299,168,531,270,173,419,202,135,303
1/19/2019,302,"Northeastern University, 360 Huntington Ave, Boston, MA",245,"Mission Hill Main Streets, 1534 Tremont St, Roxbury Crossing, MA",256,156,421,190,134,270,274,158,476,266,166,425,275,169,449,220,137,351
1/20/2019,302,"Northeastern University, 360 Huntington Ave, Boston, MA",245,"Mission Hill Main Streets, 1534 Tremont St, Roxbury Crossing, MA",277,162,473,198,122,322,294,166,518,280,167,468,289,176,474,259,149,451
1/21/2019,302,"Northeastern University, 360 Huntington Ave, Boston, MA",245,"Mission Hill Main Streets, 1534 Tremont St, Roxbury Crossing, MA",280,162,485,215,127,363,303,175,525,282,164,486,297,180,490,240,134,429
1/22/2019,302,"Northeastern University, 360 Huntington Ave, Boston, MA",245,"Mission Hill Main Streets, 1534 Tremont St, Roxbury Crossing, MA",340,199,580,359,212,608,433,253,742,361,207,630,296,190,460,250,148,422
1/23/2019,302,"Northeastern University, 360 Huntington Ave, Boston, MA",245,"Mission Hill Main Streets, 1534 Tremont St, Roxbury Crossing, MA",331,193,567,381,234,619,444,259,759,300,172,524,295,186,467,251,154,410
1/24/2019,302,"Northeastern University, 360 Huntington Ave, Boston, MA",245,"Mission Hill Main Streets, 1534 Tremont St, Roxbury Crossing, MA",430,235,785,441,274,712,565,330,966,457,242,860,322,214,485,225,148,342
1/25/2019,302,"Northeastern University, 360 Huntington Ave, Boston, MA",245,"Mission Hill Main Streets, 1534 Tremont St, Roxbury Crossing, MA",317,188,533,314,211,467,445,254,779,319,190,536,283,177,450,209,140,314
1/26/2019,302,"Northeastern University, 360 Huntington Ave, Boston, MA",245,"Mission Hill Main Streets, 1534 Tremont St, Roxbury Crossing, MA",254,150,428,198,106,368,280,167,470,287,160,514,254,156,412,227,144,358
1/27/2019,302,"Northeastern University, 360 Huntington Ave, Boston, MA",245,"Mission Hill Main Streets, 1534 Tremont St, Roxbury Crossing, MA",246,154,393,273,157,475,280,167,469,251,159,396,253,163,395,216,140,334
1/28/2019,302,"Northeastern University, 360 Huntington Ave, Boston, MA",245,"Mission Hill Main Streets, 1534 Tremont St, Roxbury Crossing, MA",276,173,440,262,177,387,368,243,558,253,171,375,239,150,379,214,144,317
1/29/2019,302,"Northeastern University, 360 Huntington Ave, Boston, MA",245,"Mission Hill Main Streets, 1534 Tremont St, Roxbury Crossing, MA",299,181,494,299,197,454,374,229,611,306,181,514,283,177,451,201,122,332
1/30/2019,302,"Northeastern University, 360 Huntington Ave, Boston, MA",245,"Mission Hill Main Streets, 1534 Tremont St, Roxbury Crossing, MA",350,213,575,312,215,453,444,269,732,331,213,515,327,206,517,273,144,517
1/31/2019,302,"Northeastern University, 360 Huntington Ave, Boston, MA",245,"Mission Hill Main Streets, 1534 Tremont St, Roxbury Crossing, MA",325,193,546,297,188,468,429,283,651,318,193,523,311,185,523,220,138,351
2/1/2019,302,"Northeastern University, 360 Huntington Ave, Boston, MA",245,"Mission Hill Main Streets, 1534 Tremont St, Roxbury Crossing, MA",304,179,515,277,204,377,428,251,728,345,189,629,268,172,419,215,136,337
2/2/2019,302,"Northeastern University, 360 Huntington Ave, Boston, MA",245,"Mission Hill Main Streets, 1534 Tremont St, Roxbury Crossing, MA",254,157,409,218,141,338,280,174,452,281,166,477,262,167,409,215,135,340
2/3/2019,302,"Northeastern University, 360 Huntington Ave, Boston, MA",245,"Mission Hill Main Streets, 1534 Tremont St, Roxbury Crossing, MA",275,155,488,200,130,308,309,184,518,272,164,450,290,156,540,235,131,420
2/4/2019,302,"Northeastern University, 360 Huntington Ave, Boston, MA",245,"Mission Hill Main Streets, 1534 Tremont St, Roxbury Crossing, MA",285,173,470,275,199,380,380,224,645,288,167,495,275,186,406,255,148,438
2/5/2019,302,"Northeastern University, 360 Huntington Ave, Boston, MA",245,"Mission Hill Main Streets, 1534 Tremont St, Roxbury Crossing, MA",316,184,541,293,195,438,436,235,811,341,192,606,267,177,404,222,137,360
2/6/2019,302,"Northeastern University, 360 Huntington Ave, Boston, MA",245,"Mission Hill Main Streets, 1534 Tremont St, Roxbury Crossing, MA",313,181,541,276,190,399,434,251,749,276,173,442,306,170,547,247,146,419
2/7/2019,302,"Northeastern University, 360 Huntington Ave, Boston, MA",245,"Mission Hill Main Streets, 1534 Tremont St, Roxbury Crossing, MA",291,180,470,294,190,455,376,225,627,287,185,446,280,178,441,221,135,362
2/8/2019,302,"Northeastern University, 360 Huntington Ave, Boston, MA",245,"Mission Hill Main Streets, 1534 Tremont St, Roxbury Crossing, MA",297,177,499,290,198,424,446,278,714,366,203,662,279,172,451,218,138,344
2/9/2019,302,"Northeastern University, 360 Huntington Ave, Boston, MA",245,"Mission Hill Main Streets, 1534 Tremont St, Roxbury Crossing, MA",276,165,460,222,138,355,342,216,540,343,197,597,260,164,412,222,136,361
2/10/2019,302,"Northeastern University, 360 Huntington Ave, Boston, MA",245,"Mission Hill Main Streets, 1534 Tremont St, Roxbury Crossing, MA",248,143,429,204,90,461,284,166,488,265,136,519,254,162,397,225,137,368
2/11/2019,302,"Northeastern University, 360 Huntington Ave, Boston, MA",245,"Mission Hill Main Streets, 1534 Tremont St, Roxbury Crossing, MA",279,174,449,282,192,415,331,201,547,276,180,422,268,173,416,213,117,388
2/12/2019,302,"Northeastern University, 360 Huntington Ave, Boston, MA",245,"Mission Hill Main Streets, 1534 Tremont St, Roxbury Crossing, MA",383,206,714,298,203,439,493,258,942,477,226,1008,329,200,541,253,148,431
2/13/2019,302,"Northeastern University, 360 Huntington Ave, Boston, MA",245,"Mission Hill Main Streets, 1534 Tremont St, Roxbury Crossing, MA",300,180,500,273,188,397,377,229,621,269,156,464,293,181,473,216,140,335
2/14/2019,302,"Northeastern University, 360 Huntington Ave, Boston, MA",245,"Mission Hill Main Streets, 1534 Tremont St, Roxbury Crossing, MA",311,178,542,317,192,524,501,288,874,301,165,548,273,175,425,218,127,376
2/15/2019,302,"Northeastern University, 360 Huntington Ave, Boston, MA",245,"Mission Hill Main Streets, 1534 Tremont St, Roxbury Crossing, MA",344,185,640,322,211,492,456,242,857,524,276,993,271,158,465,218,141,337
2/16/2019,302,"Northeastern University, 360 Huntington Ave, Boston, MA",245,"Mission Hill Main Streets, 1534 Tremont St, Roxbury Crossing, MA",254,152,424,198,128,305,261,164,413,292,179,477,263,157,440,222,131,375
2/17/2019,302,"Northeastern University, 360 Huntington Ave, Boston, MA",245,"Mission Hill Main Streets, 1534 Tremont St, Roxbury Crossing, MA",249,147,423,239,137,416,248,157,392,302,167,549,254,151,429,202,128,321
2/18/2019,302,"Northeastern University, 360 Huntington Ave, Boston, MA",245,"Mission Hill Main Streets, 1534 Tremont St, Roxbury Crossing, MA",252,147,430,198,133,294,268,163,441,257,154,428,237,141,396,276,143,530
2/19/2019,302,"Northeastern University, 360 Huntington Ave, Boston, MA",245,"Mission Hill Main Streets, 1534 Tremont St, Roxbury Crossing, MA",291,174,487,252,163,390,382,225,649,301,182,496,277,170,449,215,131,351
2/20/2019,302,"Northeastern University, 360 Huntington Ave, Boston, MA",245,"Mission Hill Main Streets, 1534 Tremont St, Roxbury Crossing, MA",292,182,466,264,186,373,344,216,546,305,188,494,294,186,464,213,133,342
2/21/2019,302,"Northeastern University, 360 Huntington Ave, Boston, MA",245,"Mission Hill Main Streets, 1534 Tremont St, Roxbury Crossing, MA",299,176,509,294,200,433,405,205,802,299,181,495,281,169,469,242,158,370
2/22/2019,302,"Northeastern University, 360 Huntington Ave, Boston, MA",245,"Mission Hill Main Streets, 1534 Tremont St, Roxbury Crossing, MA",294,181,476,268,166,432,373,228,610,314,190,519,278,180,430,228,147,352
2/23/2019,302,"Northeastern University, 360 Huntington Ave, Boston, MA",245,"Mission Hill Main Streets, 1534 Tremont St, Roxbury Crossing, MA",262,156,439,221,121,402,281,153,516,313,181,542,263,165,417,232,142,379
2/24/2019,302,"Northeastern University, 360 Huntington Ave, Boston, MA",245,"Mission Hill Main Streets, 1534 Tremont St, Roxbury Crossing, MA",252,150,423,229,105,500,261,153,442,280,168,466,244,157,378,232,141,383
2/25/2019,302,"Northeastern University, 360 Huntington Ave, Boston, MA",245,"Mission Hill Main Streets, 1534 Tremont St, Roxbury Crossing, MA",298,181,489,254,174,369,364,213,623,280,176,445,291,181,467,208,135,322
2/26/2019,302,"Northeastern University, 360 Huntington Ave, Boston, MA",245,"Mission Hill Main Streets, 1534 Tremont St, Roxbury Crossing, MA",307,182,516,271,171,430,397,216,728,320,199,514,289,179,468,216,139,336
2/27/2019,302,"Northeastern University, 360 Huntington Ave, Boston, MA",245,"Mission Hill Main Streets, 1534 Tremont St, Roxbury Crossing, MA",321,191,539,296,192,458,405,233,703,320,197,517,319,195,522,240,142,405
2/28/2019,302,"Northeastern University, 360 Huntington Ave, Boston, MA",245,"Mission Hill Main Streets, 1534 Tremont St, Roxbury Crossing, MA",312,182,534,306,179,521,420,240,737,304,185,497,286,173,475,271,157,469
3/1/2019,302,"Northeastern University, 360 Huntington Ave, Boston, MA",245,"Mission Hill Main Streets, 1534 Tremont St, Roxbury Crossing, MA",310,178,540,348,210,578,436,251,756,338,200,571,276,162,469,243,147,400
3/2/2019,302,"Northeastern University, 360 Huntington Ave, Boston, MA",245,"Mission Hill Main Streets, 1534 Tremont St, Roxbury Crossing, MA",230,139,381,233,144,377,227,136,380,262,148,462,219,144,335,213,129,351
3/3/2019,302,"Northeastern University, 360 Huntington Ave, Boston, MA",245,"Mission Hill Main Streets, 1534 Tremont St, Roxbury Crossing, MA",225,140,360,190,122,296,245,153,392,227,145,355,236,147,380,207,129,334
3/4/2019,302,"Northeastern University, 360 Huntington Ave, Boston, MA",245,"Mission Hill Main Streets, 1534 Tremont St, Roxbury Crossing, MA",283,161,497,535,241,1186,251,160,395,221,143,342,261,160,423,290,155,543
3/5/2019,302,"Northeastern University, 360 Huntington Ave, Boston, MA",245,"Mission Hill Main Streets, 1534 Tremont St, Roxbury Crossing, MA",263,161,430,249,167,372,319,193,529,244,153,389,257,161,412,217,130,360
3/6/2019,302,"Northeastern University, 360 Huntington Ave, Boston, MA",245,"Mission Hill Main Streets, 1534 Tremont St, Roxbury Crossing, MA",271,166,442,266,172,412,349,206,589,244,159,374,254,161,402,224,136,368
3/7/2019,302,"Northeastern University, 360 Huntington Ave, Boston, MA",245,"Mission Hill Main Streets, 1534 Tremont St, Roxbury Crossing, MA",270,165,440,261,161,422,340,208,557,258,163,409,272,169,436,210,133,331
3/8/2019,302,"Northeastern University, 360 Huntington Ave, Boston, MA",245,"Mission Hill Main Streets, 1534 Tremont St, Roxbury Crossing, MA",268,160,451,279,186,419,343,205,574,281,161,488,247,151,403,211,131,342
3/9/2019,302,"Northeastern University, 360 Huntington Ave, Boston, MA",245,"Mission Hill Main Streets, 1534 Tremont St, Roxbury Crossing, MA",228,140,370,195,121,314,248,153,401,244,147,404,231,147,363,199,122,324
3/10/2019,302,"Northeastern University, 360 Huntington Ave, Boston, MA",245,"Mission Hill Main Streets, 1534 Tremont St, Roxbury Crossing, MA",242,137,428,210,126,352,278,168,458,260,143,474,248,130,472,202,127,322
3/11/2019,302,"Northeastern University, 360 Huntington Ave, Boston, MA",245,"Mission Hill Main Streets, 1534 Tremont St, Roxbury Crossing, MA",294,172,502,283,187,427,365,210,632,313,179,544,278,172,449,204,119,349
3/12/2019,302,"Northeastern University, 360 Huntington Ave, Boston, MA",245,"Mission Hill Main Streets, 1534 Tremont St, Roxbury Crossing, MA",318,186,542,345,207,574,440,249,777,317,196,512,277,171,450,240,146,395
3/13/2019,302,"Northeastern University, 360 Huntington Ave, Boston, MA",245,"Mission Hill Main Streets, 1534 Tremont St, Roxbury Crossing, MA",300,180,498,288,196,421,437,283,677,300,178,504,281,176,450,208,133,323
3/14/2019,302,"Northeastern University, 360 Huntington Ave, Boston, MA",245,"Mission Hill Main Streets, 1534 Tremont St, Roxbury Crossing, MA",307,184,512,322,204,510,385,229,648,296,175,501,298,182,489,235,151,366
3/15/2019,302,"Northeastern University, 360 Huntington Ave, Boston, MA",245,"Mission Hill Main Streets, 1534 Tremont St, Roxbury Crossing, MA",331,193,567,334,217,514,371,214,640,366,214,626,333,198,559,242,142,411
3/16/2019,302,"Northeastern University, 360 Huntington Ave, Boston, MA",245,"Mission Hill Main Streets, 1534 Tremont St, Roxbury Crossing, MA",286,166,493,223,139,357,323,186,558,324,186,564,281,174,455,246,140,434
3/17/2019,302,"Northeastern University, 360 Huntington Ave, Boston, MA",245,"Mission Hill Main Streets, 1534 Tremont St, Roxbury Crossing, MA",256,145,452,250,151,414,262,164,417,261,132,515,261,156,437,243,141,418
3/18/2019,302,"Northeastern University, 360 Huntington Ave, Boston, MA",245,"Mission Hill Main Streets, 1534 Tremont St, Roxbury Crossing, MA",304,181,510,315,190,522,357,219,580,318,187,540,297,182,485,220,136,356
3/19/2019,302,"Northeastern University, 360 Huntington Ave, Boston, MA",245,"Mission Hill Main Streets, 1534 Tremont St, Roxbury Crossing, MA",291,175,483,308,174,546,351,213,578,285,166,487,282,178,447,229,149,353
3/20/2019,302,"Northeastern University, 360 Huntington Ave, Boston, MA",245,"Mission Hill Main Streets, 1534 Tremont St, Roxbury Crossing, MA",292,181,473,306,186,501,352,212,584,280,181,433,290,185,454,223,139,358
3/21/2019,302,"Northeastern University, 360 Huntington Ave, Boston, MA",245,"Mission Hill Main Streets, 1534 Tremont St, Roxbury Crossing, MA",292,178,478,270,177,411,370,234,584,293,180,477,284,174,463,217,139,339
3/22/2019,302,"Northeastern University, 360 Huntington Ave, Boston, MA",245,"Mission Hill Main Streets, 1534 Tremont St, Roxbury Crossing, MA",304,177,520,310,203,473,382,203,718,345,212,562,269,172,419,250,133,467
3/23/2019,302,"Northeastern University, 360 Huntington Ave, Boston, MA",245,"Mission Hill Main Streets, 1534 Tremont St, Roxbury Crossing, MA",267,157,455,215,103,445,273,167,447,280,181,435,276,162,472,249,145,428
3/24/2019,302,"Northeastern University, 360 Huntington Ave, Boston, MA",245,"Mission Hill Main Streets, 1534 Tremont St, Roxbury Crossing, MA",253,150,427,213,114,396,287,169,485,238,145,392,277,165,463,238,144,395
3/25/2019,302,"Northeastern University, 360 Huntington Ave, Boston, MA",245,"Mission Hill Main Streets, 1534 Tremont St, Roxbury Crossing, MA",280,168,466,257,151,436,357,225,566,292,169,505,264,168,414,222,138,356
3/26/2019,302,"Northeastern University, 360 Huntington Ave, Boston, MA",245,"Mission Hill Main Streets, 1534 Tremont St, Roxbury Crossing, MA",297,177,499,260,172,395,397,233,678,289,175,477,290,174,484,214,140,327
3/27/2019,302,"Northeastern University, 360 Huntington Ave, Boston, MA",245,"Mission Hill Main Streets, 1534 Tremont St, Roxbury Crossing, MA",299,182,491,282,183,434,359,219,587,311,184,525,292,183,467,233,143,379
3/28/2019,302,"Northeastern University, 360 Huntington Ave, Boston, MA",245,"Mission Hill Main Streets, 1534 Tremont St, Roxbury Crossing, MA",295,173,503,265,172,409,400,248,647,300,176,512,278,168,461,221,128,383
3/29/2019,302,"Northeastern University, 360 Huntington Ave, Boston, MA",245,"Mission Hill Main Streets, 1534 Tremont St, Roxbury Crossing, MA",298,172,517,312,211,461,380,226,637,337,176,644,276,167,455,222,136,364
3/30/2019,302,"Northeastern University, 360 Huntington Ave, Boston, MA",245,"Mission Hill Main Streets, 1534 Tremont St, Roxbury Crossing, MA",274,159,469,230,143,372,312,183,533,288,160,516,271,163,449,244,143,415
3/31/2019,302,"Northeastern University, 360 Huntington Ave, Boston, MA",245,"Mission Hill Main Streets, 1534 Tremont St, Roxbury Crossing, MA",265,151,464,236,113,493,288,152,547,287,170,484,251,157,403,251,146,432
4/1/2019,302,"Northeastern University, 360 Huntington Ave, Boston, MA",245,"Mission Hill Main Streets, 1534 Tremont St, Roxbury Crossing, MA",292,173,493,273,181,412,373,221,630,284,174,462,287,170,486,204,127,326
4/2/2019,302,"Northeastern University, 360 Huntington Ave, Boston, MA",245,"Mission Hill Main Streets, 1534 Tremont St, Roxbury Crossing, MA",327,189,566,299,200,448,370,211,649,391,231,661,300,177,509,249,145,428
4/3/2019,302,"Northeastern University, 360 Huntington Ave, Boston, MA",245,"Mission Hill Main Streets, 1534 Tremont St, Roxbury Crossing, MA",320,192,535,265,190,371,428,267,687,372,209,664,294,183,474,245,155,385
4/4/2019,302,"Northeastern University, 360 Huntington Ave, Boston, MA",245,"Mission Hill Main Streets, 1534 Tremont St, Roxbury Crossing, MA",331,194,564,312,197,495,430,266,695,406,236,700,286,175,470,234,146,376
4/5/2019,302,"Northeastern University, 360 Huntington Ave, Boston, MA",245,"Mission Hill Main Streets, 1534 Tremont St, Roxbury Crossing, MA",356,197,643,380,222,648,444,242,813,525,308,896,309,182,524,226,139,368
4/6/2019,302,"Northeastern University, 360 Huntington Ave, Boston, MA",245,"Mission Hill Main Streets, 1534 Tremont St, Roxbury Crossing, MA",272,164,450,242,157,372,288,168,492,306,179,521,267,166,427,251,152,414
4/7/2019,302,"Northeastern University, 360 Huntington Ave, Boston, MA",245,"Mission Hill Main Streets, 1534 Tremont St, Roxbury Crossing, MA",253,149,428,227,113,456,259,169,398,276,166,458,264,161,434,231,134,399
4/8/2019,302,"Northeastern University, 360 Huntington Ave, Boston, MA",245,"Mission Hill Main Streets, 1534 Tremont St, Roxbury Crossing, MA",301,177,512,292,184,464,355,219,576,323,178,588,279,175,447,234,135,407
4/9/2019,302,"Northeastern University, 360 Huntington Ave, Boston, MA",245,"Mission Hill Main Streets, 1534 Tremont St, Roxbury Crossing, MA",347,193,625,277,182,421,523,285,958,401,229,701,301,176,515,231,141,379
4/10/2019,302,"Northeastern University, 360 Huntington Ave, Boston, MA",245,"Mission Hill Main Streets, 1534 Tremont St, Roxbury Crossing, MA",325,183,579,359,222,580,367,203,666,429,242,760,293,181,473,227,116,446
4/11/2019,302,"Northeastern University, 360 Huntington Ave, Boston, MA",245,"Mission Hill Main Streets, 1534 Tremont St, Roxbury Crossing, MA",329,186,584,305,148,628,374,220,637,392,234,658,324,195,536,236,127,438
4/12/2019,302,"Northeastern University, 360 Huntington Ave, Boston, MA",245,"Mission Hill Main Streets, 1534 Tremont St, Roxbury Crossing, MA",305,177,523,292,183,467,403,234,692,324,186,564,292,176,485,224,138,362
4/13/2019,302,"Northeastern University, 360 Huntington Ave, Boston, MA",245,"Mission Hill Main Streets, 1534 Tremont St, Roxbury Crossing, MA",273,159,467,219,122,393,317,190,530,272,161,460,282,172,462,241,136,428
4/14/2019,302,"Northeastern University, 360 Huntington Ave, Boston, MA",245,"Mission Hill Main Streets, 1534 Tremont St, Roxbury Crossing, MA",265,150,467,212,134,336,307,175,536,269,143,508,286,164,499,227,135,380
4/15/2019,302,"Northeastern University, 360 Huntington Ave, Boston, MA",245,"Mission Hill Main Streets, 1534 Tremont St, Roxbury Crossing, MA",276,161,474,224,154,327,298,171,519,301,169,537,260,158,426,239,141,404
4/16/2019,302,"Northeastern University, 360 Huntington Ave, Boston, MA",245,"Mission Hill Main Streets, 1534 Tremont St, Roxbury Crossing, MA",305,182,510,311,192,504,359,223,577,352,203,609,281,177,446,231,137,390
4/17/2019,302,"Northeastern University, 360 Huntington Ave, Boston, MA",245,"Mission Hill Main Streets, 1534 Tremont St, Roxbury Crossing, MA",304,182,506,260,177,382,363,225,584,389,229,660,282,172,462,231,146,366
4/18/2019,302,"Northeastern University, 360 Huntington Ave, Boston, MA",245,"Mission Hill Main Streets, 1534 Tremont St, Roxbury Crossing, MA",318,184,548,277,187,409,444,262,752,362,216,608,285,175,465,222,131,375
4/19/2019,302,"Northeastern University, 360 Huntington Ave, Boston, MA",245,"Mission Hill Main Streets, 1534 Tremont St, Roxbury Crossing, MA",308,184,516,253,175,366,379,230,624,418,245,712,276,175,435,233,141,384
4/20/2019,302,"Northeastern University, 360 Huntington Ave, Boston, MA",245,"Mission Hill Main Streets, 1534 Tremont St, Roxbury Crossing, MA",263,155,448,224,115,434,248,153,403,283,174,461,272,159,465,252,148,428
4/21/2019,302,"Northeastern University, 360 Huntington Ave, Boston, MA",245,"Mission Hill Main Streets, 1534 Tremont St, Roxbury Crossing, MA",250,148,422,241,158,368,247,138,442,241,137,422,267,160,445,244,150,396
4/22/2019,302,"Northeastern University, 360 Huntington Ave, Boston, MA",245,"Mission Hill Main Streets, 1534 Tremont St, Roxbury Crossing, MA",385,218,680,284,185,437,572,331,988,415,241,715,335,202,556,249,152,406
4/23/2019,302,"Northeastern University, 360 Huntington Ave, Boston, MA",245,"Mission Hill Main Streets, 1534 Tremont St, Roxbury Crossing, MA",327,190,564,347,204,590,434,253,743,383,227,645,288,174,478,242,151,389
4/24/2019,302,"Northeastern University, 360 Huntington Ave, Boston, MA",245,"Mission Hill Main Streets, 1534 Tremont St, Roxbury Crossing, MA",331,190,577,317,199,505,450,263,770,381,227,639,301,182,498,245,139,435
4/25/2019,302,"Northeastern University, 360 Huntington Ave, Boston, MA",245,"Mission Hill Main Streets, 1534 Tremont St, Roxbury Crossing, MA",337,193,589,365,214,624,419,232,757,405,242,677,297,182,485,256,145,450
4/26/2019,302,"Northeastern University, 360 Huntington Ave, Boston, MA",245,"Mission Hill Main Streets, 1534 Tremont St, Roxbury Crossing, MA",349,198,616,384,228,645,461,260,818,412,231,732,325,195,539,251,147,427
4/27/2019,302,"Northeastern University, 360 Huntington Ave, Boston, MA",245,"Mission Hill Main Streets, 1534 Tremont St, Roxbury Crossing, MA",284,162,498,242,135,434,281,176,451,331,187,586,289,169,494,259,144,466
4/28/2019,302,"Northeastern University, 360 Huntington Ave, Boston, MA",245,"Mission Hill Main Streets, 1534 Tremont St, Roxbury Crossing, MA",278,157,491,216,105,447,303,174,530,335,186,606,275,164,459,249,144,432
4/29/2019,302,"Northeastern University, 360 Huntington Ave, Boston, MA",245,"Mission Hill Main Streets, 1534 Tremont St, Roxbury Crossing, MA",320,184,556,288,185,447,409,253,663,379,208,693,288,175,472,221,127,382
4/30/2019,302,"Northeastern University, 360 Huntington Ave, Boston, MA",245,"Mission Hill Main Streets, 1534 Tremont St, Roxbury Crossing, MA",303,177,518,312,196,497,322,193,537,348,196,619,290,174,481,230,137,384
5/1/2019,302,"Northeastern University, 360 Huntington Ave, Boston, MA",245,"Mission Hill Main Streets, 1534 Tremont St, Roxbury Crossing, MA",313,181,539,288,164,506,400,229,701,404,249,654,254,159,405,247,150,406
5/2/2019,302,"Northeastern University, 360 Huntington Ave, Boston, MA",245,"Mission Hill Main Streets, 1534 Tremont St, Roxbury Crossing, MA",319,179,569,305,186,501,522,284,959,356,211,600,265,159,440,210,127,347
5/3/2019,302,"Northeastern University, 360 Huntington Ave, Boston, MA",245,"Mission Hill Main Streets, 1534 Tremont St, Roxbury Crossing, MA",310,176,544,301,192,474,385,215,687,389,221,685,271,160,459,234,141,390
